{"count":1,"self":15.375417599999999,"total":16.8818975,"children":{"InitializeActuators":{"count":3,"self":0.0019979999999999998,"total":0.0019979999999999998,"children":null},"InitializeSensors":{"count":3,"self":0.008000199999999999,"total":0.008000199999999999,"children":null},"AgentSendState":{"count":799,"self":0.0429267,"total":0.0519296,"children":{"CollectObservations":{"count":480,"self":0.0039740999999999995,"total":0.0039740999999999995,"children":null},"WriteActionMask":{"count":480,"self":0.0020261,"total":0.0020261,"children":null},"RequestDecision":{"count":480,"self":0.0030027,"total":0.0030027,"children":null}}},"DecideAction":{"count":799,"self":0.5213668,"total":1.4306094,"children":{"CameraSensor.WriteToTensor":{"count":480,"self":0.90724339999999992,"total":0.90724339999999992,"children":null},"RayPerceptionSensor.Perceive":{"count":960,"self":0.0019992,"total":0.0019992,"children":null}}},"AgentAct":{"count":799,"self":0.011942399999999999,"total":0.011942399999999999,"children":null}},"gauges":{"Push.CumulativeReward":{"count":3,"max":2.02240157,"min":-0.009899991,"runningAverage":0.761800647,"value":-0.009899991,"weightedAverage":1.18629467}},"metadata":{"timer_format_version":"0.1.0","start_time_seconds":"1662293412","unity_version":"2021.3.3f1","command_line_arguments":"E:\\UA\\MASTER\\TFM\\Github\\Enviroments\\Multiagent Environments\\Push - Multiagent\\3_Agents\\Camera_Agent\\UnityEnvironment.exe","communication_protocol_version":"1.5.0","com.unity.ml-agents_version":"2.2.1-exp.1","scene_name":"MoveToGoal_Cooperative","end_time_seconds":"1662293429"}}